{"__type__":"cc.AnimationClip","_name":"fingerMove","_duration":1.8333333333333333,"wrapMode":2,"curveData":{"props":{"position":[{"frame":0,"value":[-239.064,-312.254,0]},{"frame":0.31666666666666665,"value":[-239.064,-312.254,0]},{"frame":1.5,"value":[-68.753,224.595,0]},{"frame":1.8333333333333333,"value":[-68.753,224.595,0]}]}}}